id;username;email;password;address;phone;role;image
1;provided;Jaeden51@gmail.com;except whenever dedicate;because gentleman;993-706-7826 x94883;gender provided best;midst
2;authorized;Parker_Hintz60@hotmail.com;thankfully yahoo;mayor ceremony;373.308.9757 x92447;primary;gee supposing
3;ballpark unto through;Justice.Dare59@hotmail.com;consequently yippee;whenever aw seemingly;852-933-1675 x430;boohoo where;a among
4;harsh;Selmer14@yahoo.com;er phew;after;688-990-1904;speedy because;penguin unify
5;rubber;Jacky.Borer55@hotmail.com;monthly shrill yum;playfully;(293) 844-8971;aw ha;abandoned or lazily
6;orchestra extremely beyond;Lowell_Green12@gmail.com;better;toward up;509.591.2674 x8960;down including;timeout
7;urgently;Kristopher32@hotmail.com;hoof;hourly gracefully concerning;(248) 866-0171 x146;stain successfully supermarket;belated
8;why aha mesh;Nelda.Hammes5@gmail.com;yahoo hanger;avenge modulo;260.623.8904 x44389;atop;successfully against pace
9;transfigure;Arjun27@yahoo.com;boo;lest;447-806-5432 x62820;spirit;ready meh pro
10;yowza grounded;Caterina.Wisoky97@yahoo.com;doting;but;661-724-5567;outwit mmm;apropos loathsome
